filename,dice,mean_dice
ISIC_0000220.jpg,0.8458439668445363,0.8458439668445363
